,client_time,step,battery_low,is_charge,tag_battery_low,tag_0,tag_1,tag_2,tag_3,tag_4,tag_5,tag_6,tag_7,tag_8,tag_9,tag_10,tag_11,tag_12
14082,2020-08-04 15:27:34,2711,20,0,0,0,0,0,0,0,0,0,0,0,0,1,0,0
14084,2020-08-04 15:27:40,2723,21,0,0,0,0,1,0,0,0,0,0,0,0,0,0,0
14085,2020-08-04 15:28:17,2742,19,0,0,0,0,1,0,0,0,0,0,0,0,0,0,0
14089,2020-08-04 15:31:16,2749,20,0,0,0,0,1,0,0,0,0,0,0,0,0,0,0
14090,2020-08-04 15:31:26,2750,20,0,0,0,0,1,0,0,0,0,0,0,0,0,0,0
14094,2020-08-04 15:44:10,2812,18,0,0,0,0,0,0,0,0,1,0,0,0,0,0,0
14100,2020-08-04 15:51:26,2819,19,0,0,0,0,0,0,0,0,0,0,0,0,1,0,0
14109,2020-08-04 16:03:03,2836,19,0,0,0,0,1,0,0,0,0,0,0,0,0,0,0
14223,2020-08-04 18:40:09,2843,99,0,0,1,0,0,0,0,0,0,0,0,0,0,0,0
14250,2020-08-04 19:28:07,2853,98,0,0,0,0,0,0,0,0,0,0,0,1,0,0,0
14439,2020-08-05 09:10:06,584,67,0,0,1,0,0,0,0,0,0,0,0,0,0,0,0
14440,2020-08-05 09:14:17,832,67,0,0,0,0,0,0,0,0,0,0,0,0,1,0,0
14442,2020-08-05 09:14:56,857,66,0,0,0,0,0,0,0,0,0,0,0,0,1,0,0
14443,2020-08-05 09:15:06,878,67,0,0,0,0,0,0,0,0,0,0,0,0,1,0,0
14444,2020-08-05 09:15:16,894,67,0,0,0,0,0,0,0,0,0,0,0,0,1,0,0
14445,2020-08-05 09:16:06,929,67,0,0,0,0,0,0,0,0,0,0,0,0,1,0,0
14446,2020-08-05 09:16:34,951,66,0,0,0,0,0,0,0,0,0,0,0,0,1,0,0
14447,2020-08-05 09:16:44,968,68,0,0,0,0,0,0,0,0,0,0,0,0,1,0,0
14448,2020-08-05 09:16:53,986,67,0,0,0,0,0,0,0,0,0,0,0,0,1,0,0
14450,2020-08-05 09:18:32,1013,67,0,0,0,0,0,0,0,0,0,0,0,0,1,0,0
14451,2020-08-05 09:22:47,1027,68,0,0,0,0,0,0,0,0,0,0,0,0,1,0,0
14452,2020-08-05 09:22:56,1048,67,0,0,0,0,0,0,0,0,0,0,0,0,1,0,0
14454,2020-08-05 09:23:36,1071,67,0,0,0,0,0,0,0,0,0,0,0,0,1,0,0
14456,2020-08-05 09:24:25,1095,67,0,0,0,0,0,0,0,0,0,0,0,0,1,0,0
14457,2020-08-05 09:24:35,1100,67,0,0,0,0,0,0,0,0,0,0,0,0,1,0,0
14458,2020-08-05 09:24:54,1107,67,0,0,0,0,0,0,0,0,0,0,0,0,1,0,0
14459,2020-08-05 09:25:04,1125,68,0,0,0,0,0,0,0,0,0,0,0,0,1,0,0
14460,2020-08-05 09:25:14,1147,67,0,0,0,0,0,0,0,0,0,0,0,0,1,0,0
14461,2020-08-05 09:25:24,1168,68,0,0,0,0,0,0,0,0,0,0,0,0,1,0,0
14468,2020-08-05 09:51:53,1224,66,0,0,0,0,0,0,0,0,0,0,0,0,1,0,0
14469,2020-08-05 09:53:02,1291,66,0,0,0,0,0,0,0,0,0,0,0,0,1,0,0
14470,2020-08-05 09:53:41,1304,66,0,0,0,0,0,0,0,0,0,0,0,0,1,0,0
14471,2020-08-05 09:53:51,1318,66,0,0,0,0,0,0,0,0,0,0,0,0,1,0,0
14472,2020-08-05 09:54:02,1333,66,0,0,0,0,0,0,0,0,0,0,0,0,1,0,0
14478,2020-08-05 10:00:08,1872,66,0,0,1,0,0,0,0,0,0,0,0,0,0,0,0
14482,2020-08-05 10:09:44,1879,66,0,0,0,0,1,0,0,0,0,0,0,0,0,0,0
14486,2020-08-05 10:12:53,1902,66,0,0,0,0,1,0,0,0,0,0,0,0,0,0,0
14498,2020-08-05 10:30:05,2059,66,0,0,1,0,0,0,0,0,0,0,0,0,0,0,0
14507,2020-08-05 10:39:51,2148,65,0,0,0,0,1,0,0,0,0,0,0,0,0,0,0
14519,2020-08-05 10:50:04,2168,65,0,0,1,0,0,0,0,0,0,0,0,0,0,0,0
14528,2020-08-05 11:00:11,2175,64,0,0,1,0,0,0,0,0,0,0,0,0,0,0,0
14578,2020-08-05 12:03:48,2182,62,0,0,1,0,0,0,0,0,0,0,0,0,0,0,0
14580,2020-08-05 12:06:26,2189,63,0,0,0,0,0,0,0,0,0,0,0,0,1,0,0
14581,2020-08-05 12:06:55,2199,62,0,0,0,0,0,0,0,0,0,0,0,0,1,0,0
14582,2020-08-05 12:08:17,2213,62,0,0,0,0,0,0,0,0,0,0,0,0,1,0,0
14584,2020-08-05 12:10:44,2311,62,0,0,0,0,0,0,0,0,0,0,0,0,1,0,0
14585,2020-08-05 12:11:14,2332,61,0,0,1,0,0,0,0,0,0,0,0,0,0,0,0
14586,2020-08-05 12:11:23,2349,62,0,0,0,0,0,0,0,0,0,0,0,0,1,0,0
14595,2020-08-05 12:19:44,2529,60,0,0,0,0,0,0,0,0,0,0,0,0,1,0,0
14601,2020-08-05 12:30:04,2538,61,0,0,1,0,0,0,0,0,0,0,0,0,0,0,0
14605,2020-08-05 12:31:02,2545,62,0,0,0,0,0,0,0,0,0,0,0,0,1,0,0
14608,2020-08-05 12:32:31,2567,61,0,0,0,0,0,0,0,0,0,0,0,0,1,0,0
14615,2020-08-05 12:43:08,2613,62,0,0,0,0,0,0,0,0,0,0,0,0,1,0,0
14617,2020-08-05 12:43:37,2621,61,0,0,0,0,0,0,0,0,0,0,0,0,1,0,0
14618,2020-08-05 12:43:47,2628,61,0,0,0,0,0,0,0,0,0,0,0,0,1,0,0
14619,2020-08-05 12:46:12,2645,58,0,0,0,0,0,0,0,0,1,0,0,0,0,0,0
14626,2020-08-05 12:54:38,2752,61,0,0,1,0,0,0,0,0,0,0,0,0,0,0,0
14937,2020-08-05 22:10:05,2771,58,1,0,1,0,0,0,0,0,0,0,0,0,0,0,0
15253,2020-08-06 14:31:33,9,68,0,0,0,0,1,0,0,0,0,0,0,0,0,0,0
15264,2020-08-06 14:46:56,290,67,0,0,0,0,0,0,0,0,0,0,0,0,1,0,0
15267,2020-08-06 14:50:07,303,67,0,0,1,0,0,0,0,0,0,0,0,0,0,0,0
17586,2020-08-09 12:50:21,10,29,0,0,1,0,0,0,0,0,0,0,0,0,0,0,0
31630,2020-08-21 17:56:02,7,75,0,0,0,0,0,0,0,0,0,0,0,1,0,0,0
38784,2020-08-27 18:32:31,2476,99,0,0,0,0,0,0,0,0,0,0,0,0,1,0,0
40491,2020-08-29 05:18:09,11,33,0,0,0,1,0,0,0,0,0,0,0,0,0,0,0
40495,2020-08-29 05:32:48,612,34,0,0,0,0,0,0,0,0,0,0,0,0,1,0,0
40496,2020-08-29 05:33:28,638,33,0,0,0,0,0,0,0,0,0,0,0,0,1,0,0
40497,2020-08-29 05:33:37,658,33,0,0,0,0,0,0,0,0,0,0,0,0,1,0,0
40498,2020-08-29 05:34:03,696,33,0,0,0,0,1,0,0,0,0,0,0,0,0,0,0
40499,2020-08-29 05:35:16,707,33,0,0,0,0,0,0,0,0,0,0,0,0,1,0,0
40500,2020-08-29 05:35:25,719,33,0,0,0,0,0,0,0,0,0,0,0,0,1,0,0
40502,2020-08-29 05:40:02,727,35,0,0,1,0,0,0,0,0,0,0,0,0,0,0,0
40506,2020-08-29 05:53:06,838,33,0,0,1,0,0,0,0,0,0,0,0,0,0,0,0
40510,2020-08-29 06:09:42,849,33,0,0,0,0,0,0,0,0,0,0,0,0,1,0,0
40515,2020-08-29 06:18:11,870,33,0,0,0,0,0,0,0,0,0,0,0,0,1,0,0
40516,2020-08-29 06:18:21,889,34,0,0,0,0,0,0,0,0,0,0,0,0,1,0,0
40517,2020-08-29 06:18:31,907,33,0,0,0,0,0,0,0,0,0,0,0,0,1,0,0
40518,2020-08-29 06:19:10,936,33,0,0,0,0,0,0,0,0,0,0,0,0,1,0,0
40519,2020-08-29 06:19:30,952,33,0,0,0,0,0,0,0,0,0,0,0,0,1,0,0
40525,2020-08-29 06:34:36,963,33,0,0,0,0,0,0,0,0,0,0,0,0,1,0,0
40526,2020-08-29 06:34:45,982,33,0,0,0,0,0,0,0,0,0,0,0,0,1,0,0
40527,2020-08-29 06:36:14,989,34,0,0,0,0,0,0,0,0,0,0,0,0,1,0,0
40531,2020-08-29 06:40:04,1270,33,0,0,1,0,0,0,0,0,0,0,0,0,0,0,0
40539,2020-08-29 06:50:02,2394,33,0,0,1,0,0,0,0,0,0,0,0,0,0,0,0
40549,2020-08-29 07:00:05,2987,33,0,0,1,0,0,0,0,0,0,0,0,0,0,0,0
40557,2020-08-29 07:10:03,3192,32,0,0,1,0,0,0,0,0,0,0,0,0,0,0,0
40561,2020-08-29 07:10:14,3219,33,0,0,0,0,0,0,0,0,0,0,0,0,1,0,0
40569,2020-08-29 07:20:04,4350,33,0,0,1,0,0,0,0,0,0,0,0,0,0,0,0
40575,2020-08-29 07:23:28,4720,33,0,0,0,0,0,0,0,0,0,0,0,0,1,0,0
40577,2020-08-29 07:23:38,4725,33,0,0,0,0,0,0,0,0,0,0,0,0,1,0,0
40578,2020-08-29 07:23:48,4747,33,0,0,0,0,0,0,0,0,0,0,0,0,1,0,0
40579,2020-08-29 07:23:58,4766,33,0,0,0,0,0,0,0,0,0,0,0,0,1,0,0
40580,2020-08-29 07:24:07,4785,33,0,0,0,0,0,0,0,0,0,0,0,0,1,0,0
40581,2020-08-29 07:24:17,4801,33,0,0,0,0,0,0,0,0,0,0,0,0,1,0,0
40583,2020-08-29 07:25:06,4838,33,0,0,0,0,0,0,0,0,0,0,0,0,1,0,0
40584,2020-08-29 07:25:16,4857,33,0,0,0,0,0,0,0,0,0,0,0,0,1,0,0
40585,2020-08-29 07:26:05,4923,33,0,0,0,0,0,0,0,0,0,0,0,0,1,0,0
40598,2020-08-29 07:33:07,4942,33,0,0,0,0,0,0,0,0,0,0,0,0,1,0,0
40600,2020-08-29 07:33:17,4961,33,0,0,0,0,0,0,0,0,0,0,0,0,1,0,0
40602,2020-08-29 07:34:16,4989,33,0,0,0,0,0,0,0,0,0,0,0,0,1,0,0
40603,2020-08-29 07:34:26,5009,33,0,0,0,0,0,0,0,0,0,0,0,0,1,0,0
40604,2020-08-29 07:34:36,5012,32,0,0,0,0,0,0,0,0,0,0,0,0,1,0,0
40606,2020-08-29 07:35:25,5019,33,0,0,0,0,0,0,0,0,0,0,0,0,1,0,0
40630,2020-08-29 07:56:59,5036,33,0,0,0,0,0,0,0,0,0,0,0,0,1,0,0
40632,2020-08-29 07:58:08,5129,33,0,0,0,0,0,0,0,0,0,0,0,0,1,0,0
40633,2020-08-29 07:58:18,5154,33,0,0,0,0,0,0,0,0,0,0,0,0,1,0,0
40634,2020-08-29 07:58:28,5160,33,0,0,0,0,0,0,0,0,0,0,0,0,1,0,0
40636,2020-08-29 07:59:37,5177,33,0,0,0,0,0,0,0,0,0,0,0,0,1,0,0
40637,2020-08-29 07:59:46,5195,33,0,0,0,0,0,0,0,0,0,0,0,0,1,0,0
40638,2020-08-29 07:59:56,5213,33,0,0,0,0,0,0,0,0,0,0,0,0,1,0,0
40642,2020-08-29 08:00:03,5223,33,0,0,1,0,0,0,0,0,0,0,0,0,0,0,0
40645,2020-08-29 08:01:32,5260,33,0,0,0,0,1,0,0,0,0,0,0,0,0,0,0
40647,2020-08-29 08:07:21,5277,32,0,0,0,0,0,0,0,0,0,0,0,0,1,0,0
40650,2020-08-29 08:09:28,5332,32,0,0,0,0,0,0,0,0,0,0,0,0,1,0,0
40656,2020-08-29 08:10:07,5341,33,0,0,0,0,0,0,0,0,0,0,0,0,1,0,0
40658,2020-08-29 08:10:17,5363,32,0,0,0,0,0,0,0,0,0,0,0,0,1,0,0
40664,2020-08-29 08:20:04,6033,33,0,0,1,0,0,0,0,0,0,0,0,0,0,0,0
40669,2020-08-29 08:24:24,6308,32,0,0,0,0,1,0,0,0,0,0,0,0,0,0,0
43505,2020-08-31 21:30:03,12,1,1,0,1,0,0,0,0,0,0,0,0,0,0,0,0
43509,2020-08-31 21:40:02,21,1,0,0,1,0,0,0,0,0,0,0,0,0,0,0,0
43520,2020-08-31 21:50:03,35,4,0,0,1,0,0,0,0,0,0,0,0,0,0,0,0
43528,2020-08-31 22:00:02,42,20,1,0,1,0,0,0,0,0,0,0,0,0,0,0,0
43531,2020-08-31 22:10:07,49,25,1,0,1,0,0,0,0,0,0,0,0,0,0,0,0
49672,2020-09-06 06:49:04,7,59,0,0,0,0,1,0,0,0,0,0,0,0,0,0,0
49687,2020-09-06 07:27:16,2703,57,0,0,0,0,0,0,0,0,0,0,0,0,1,0,0
49689,2020-09-06 07:28:56,2713,58,0,0,0,0,0,0,0,0,0,0,0,0,0,1,0
50221,2020-09-06 14:00:53,2813,45,0,0,1,0,0,0,0,0,0,0,0,0,0,0,0
50230,2020-09-06 14:10:01,2901,45,0,0,1,0,0,0,0,0,0,0,0,0,0,0,0
50286,2020-09-06 14:50:03,3050,44,0,0,1,0,0,0,0,0,0,0,0,0,0,0,0
50292,2020-09-06 14:51:52,3160,45,0,0,0,0,0,0,0,0,0,0,0,0,1,0,0
51112,2020-09-07 12:20:00,7,99,0,0,1,0,0,0,0,0,0,0,0,0,0,0,0
51913,2020-09-08 08:20:02,588,58,0,0,1,0,0,0,0,0,0,0,0,0,0,0,0
51929,2020-09-08 08:30:02,1605,56,0,0,1,0,0,0,0,0,0,0,0,0,0,0,0
51943,2020-09-08 08:40:03,2276,55,0,0,1,0,0,0,0,0,0,0,0,0,0,0,0
51951,2020-09-08 08:48:39,2634,57,0,0,0,0,0,0,0,0,0,0,0,0,1,0,0
51968,2020-09-08 09:00:00,2645,80,1,0,1,0,0,0,0,0,0,0,0,0,0,0,0
54970,2020-09-10 09:02:20,2791,40,0,0,0,0,0,0,0,0,0,0,0,0,1,0,0
54971,2020-09-10 09:03:16,2800,40,0,0,0,0,0,0,0,0,0,0,0,0,0,1,0
56117,2020-09-11 07:12:03,1116,99,0,0,1,0,0,0,0,0,0,0,0,0,0,0,0
56127,2020-09-11 07:20:20,1864,99,0,0,1,0,0,0,0,0,0,0,0,0,0,0,0
56145,2020-09-11 07:36:34,3265,99,0,0,0,0,0,0,0,0,0,0,0,0,1,0,0
58113,2020-09-12 15:20:07,23,99,0,0,0,0,1,0,0,0,0,0,0,0,0,0,0
58638,2020-09-13 05:20:05,8,68,0,0,1,0,0,0,0,0,0,0,0,0,0,0,0
58639,2020-09-13 05:30:07,16,68,0,0,1,0,0,0,0,0,0,0,0,0,0,0,0
58640,2020-09-13 05:40:05,24,67,0,0,1,0,0,0,0,0,0,0,0,0,0,0,0
58643,2020-09-13 05:50:08,166,67,0,0,1,0,0,0,0,0,0,0,0,0,0,0,0
58646,2020-09-13 06:00:07,1339,67,0,0,1,0,0,0,0,0,0,0,0,0,0,0,0
58652,2020-09-13 06:10:06,2275,67,0,0,1,0,0,0,0,0,0,0,0,0,0,0,0
58655,2020-09-13 06:20:07,2788,67,0,0,1,0,0,0,0,0,0,0,0,0,0,0,0
58661,2020-09-13 06:30:12,2821,67,0,0,1,0,0,0,0,0,0,0,0,0,0,0,0
58663,2020-09-13 06:40:09,3419,66,0,0,1,0,0,0,0,0,0,0,0,0,0,0,0
58666,2020-09-13 06:41:45,3430,66,0,0,0,0,1,0,0,0,0,0,0,0,0,0,0
58934,2020-09-13 11:10:10,3731,56,0,0,1,0,0,0,0,0,0,0,0,0,0,0,0
58953,2020-09-13 11:22:38,4482,57,0,0,1,0,0,0,0,0,0,0,0,0,0,0,0
58965,2020-09-13 11:31:37,4524,57,0,0,1,0,0,0,0,0,0,0,0,0,0,0,0
58979,2020-09-13 11:41:42,5085,56,0,0,1,0,0,0,0,0,0,0,0,0,0,0,0
58996,2020-09-13 11:54:15,5804,55,0,0,1,0,0,0,0,0,0,0,0,0,0,0,0
59011,2020-09-13 12:03:03,6637,55,0,0,1,0,0,0,0,0,0,0,0,0,0,0,0
59015,2020-09-13 12:07:09,7027,54,0,0,0,0,0,0,0,0,0,0,0,0,1,0,0
59018,2020-09-13 12:09:18,7034,55,0,0,0,0,1,0,0,0,0,0,0,0,0,0,0
59723,2020-09-14 05:53:50,996,97,0,0,1,0,0,0,0,0,0,0,0,0,0,0,0
59726,2020-09-14 06:00:07,1730,99,0,0,1,0,0,0,0,0,0,0,0,0,0,0,0
59729,2020-09-14 06:10:06,2658,98,0,0,1,0,0,0,0,0,0,0,0,0,0,0,0
59740,2020-09-14 06:20:09,3599,98,0,0,1,0,0,0,0,0,0,0,0,0,0,0,0
59745,2020-09-14 06:25:52,3884,97,0,0,0,0,1,0,0,0,0,0,0,0,0,0,0
60104,2020-09-14 11:23:59,3900,99,0,0,0,0,1,0,0,0,0,0,0,0,0,0,0
60106,2020-09-14 11:26:37,3915,99,0,0,0,1,0,0,0,0,0,0,0,0,0,0,0
60541,2020-09-14 16:20:07,3923,89,0,0,1,0,0,0,0,0,0,0,0,0,0,0,0
60933,2020-09-15 05:17:57,7,98,0,0,0,0,0,0,0,0,0,0,0,0,0,1,0
60934,2020-09-15 05:20:06,34,95,0,0,1,0,0,0,0,0,0,0,0,0,0,0,0
60936,2020-09-15 05:30:05,358,96,0,0,1,0,0,0,0,0,0,0,0,0,0,0,0
60937,2020-09-15 05:40:06,1517,96,0,0,1,0,0,0,0,0,0,0,0,0,0,0,0
60939,2020-09-15 05:50:08,2617,95,0,0,1,0,0,0,0,0,0,0,0,0,0,0,0
60942,2020-09-15 06:00:07,3559,95,0,0,1,0,0,0,0,0,0,0,0,0,0,0,0
60943,2020-09-15 06:07:56,4034,95,0,0,0,0,0,0,0,0,0,0,0,0,1,0,0
62246,2020-09-16 07:00:08,433,45,0,0,1,0,0,0,0,0,0,0,0,0,0,0,0
62251,2020-09-16 07:10:05,1286,44,0,0,1,0,0,0,0,0,0,0,0,0,0,0,0
62265,2020-09-16 07:20:05,1846,45,0,0,1,0,0,0,0,0,0,0,0,0,0,0,0
62285,2020-09-16 07:30:05,2488,44,0,0,1,0,0,0,0,0,0,0,0,0,0,0,0
62293,2020-09-16 07:33:31,2725,43,0,0,0,0,0,0,0,0,0,0,0,0,1,0,0
62294,2020-09-16 07:33:55,2732,44,0,0,0,0,1,0,0,0,0,0,0,0,0,0,0
63523,2020-09-17 07:00:05,368,22,0,0,1,0,0,0,0,0,0,0,0,0,0,0,0
63526,2020-09-17 07:10:06,1348,24,0,0,1,0,0,0,0,0,0,0,0,0,0,0,0
63533,2020-09-17 07:20:07,2334,23,0,0,1,0,0,0,0,0,0,0,0,0,0,0,0
63542,2020-09-17 07:30:06,3089,22,0,0,1,0,0,0,0,0,0,0,0,0,0,0,0
63547,2020-09-17 07:39:44,3402,23,0,0,0,0,0,0,0,0,0,0,0,0,1,0,0
64754,2020-09-18 06:30:06,269,99,0,0,1,0,0,0,0,0,0,0,0,0,0,0,0
64759,2020-09-18 06:40:05,859,99,0,0,1,0,0,0,0,0,0,0,0,0,0,0,0
64764,2020-09-18 06:50:03,1089,99,0,0,1,0,0,0,0,0,0,0,0,0,0,0,0
64772,2020-09-18 07:00:06,1276,99,0,0,1,0,0,0,0,0,0,0,0,0,0,0,0
64782,2020-09-18 07:10:06,1675,99,0,0,1,0,0,0,0,0,0,0,0,0,0,0,0
64791,2020-09-18 07:20:07,2190,99,0,0,1,0,0,0,0,0,0,0,0,0,0,0,0
64794,2020-09-18 07:30:06,2724,99,0,0,1,0,0,0,0,0,0,0,0,0,0,0,0
64807,2020-09-18 07:40:05,2852,99,0,0,1,0,0,0,0,0,0,0,0,0,0,0,0
64812,2020-09-18 07:41:54,2860,99,0,0,0,0,1,0,0,0,0,0,0,0,0,0,0
66386,2020-09-19 11:24:22,382,43,0,0,1,0,0,0,0,0,0,0,0,0,0,0,0
66394,2020-09-19 11:30:06,780,43,0,0,1,0,0,0,0,0,0,0,0,0,0,0,0
66446,2020-09-19 12:00:57,2512,42,0,0,0,0,0,0,0,0,0,0,0,0,1,0,0
67492,2020-09-20 08:31:13,8,99,0,0,1,0,0,0,0,0,0,0,0,0,0,0,0
67494,2020-09-20 08:31:51,32,99,0,0,0,0,0,0,0,0,0,0,0,0,1,0,0
67502,2020-09-20 08:40:05,321,99,0,0,1,0,0,0,0,0,0,0,0,0,0,0,0
67525,2020-09-20 08:51:02,1487,99,0,0,1,0,0,0,0,0,0,0,0,0,0,0,0
67581,2020-09-20 09:18:46,2885,99,0,0,0,0,0,0,0,0,0,0,0,0,1,0,0
68738,2020-09-21 08:51:50,3090,50,0,0,0,0,0,0,0,0,0,0,0,0,1,0,0
70057,2020-09-22 05:41:59,15,96,0,0,0,0,0,0,0,0,0,0,0,0,1,0,0
70058,2020-09-22 05:50:04,614,95,0,0,1,0,0,0,0,0,0,0,0,0,0,0,0
70061,2020-09-22 06:00:07,1393,96,0,0,1,0,0,0,0,0,0,0,0,0,0,0,0
70065,2020-09-22 06:10:05,2033,96,0,0,1,0,0,0,0,0,0,0,0,0,0,0,0
70068,2020-09-22 06:20:07,2617,95,0,0,1,0,0,0,0,0,0,0,0,0,0,0,0
70069,2020-09-22 06:22:03,2704,95,0,0,0,0,0,0,0,0,0,0,0,0,1,0,0
71318,2020-09-23 06:20:12,105,99,0,0,1,0,0,0,0,0,0,0,0,0,0,0,0
71321,2020-09-23 06:30:06,880,99,0,0,1,0,0,0,0,0,0,0,0,0,0,0,0
71327,2020-09-23 06:40:05,1488,99,0,0,1,0,0,0,0,0,0,0,0,0,0,0,0
71334,2020-09-23 06:50:08,2136,99,0,0,1,0,0,0,0,0,0,0,0,0,0,0,0
71342,2020-09-23 07:00:05,2520,98,0,0,1,0,0,0,0,0,0,0,0,0,0,0,0
71353,2020-09-23 07:03:44,2693,99,0,0,0,0,0,0,0,0,0,0,0,0,1,0,0
72646,2020-09-23 17:15:14,2700,76,0,0,0,0,1,0,0,0,0,0,0,0,0,0,0
72661,2020-09-23 17:28:31,2707,75,0,0,0,0,0,0,0,0,0,0,0,0,0,1,0
73195,2020-09-24 06:30:04,450,49,0,0,1,0,0,0,0,0,0,0,0,0,0,0,0
73209,2020-09-24 06:40:05,1119,50,0,0,1,0,0,0,0,0,0,0,0,0,0,0,0
73213,2020-09-24 06:50:07,1661,49,0,0,1,0,0,0,0,0,0,0,0,0,0,0,0
73224,2020-09-24 07:00:06,2300,49,0,0,1,0,0,0,0,0,0,0,0,0,0,0,0
73232,2020-09-24 07:06:28,2630,48,0,0,0,0,0,0,0,0,0,0,0,0,1,0,0
75087,2020-09-25 07:13:24,2747,99,0,0,0,0,0,0,0,0,0,0,0,0,1,0,0
77544,2020-09-26 09:33:19,9,98,0,0,0,0,1,0,0,0,0,0,0,0,0,0,0
77561,2020-09-26 09:40:06,206,97,0,0,1,0,0,0,0,0,0,0,0,0,0,0,0
77603,2020-09-26 09:52:32,1211,96,0,0,1,0,0,0,0,0,0,0,0,0,0,0,0
77614,2020-09-26 10:00:04,1501,96,0,0,1,0,0,0,0,0,0,0,0,0,0,0,0
77644,2020-09-26 10:10:09,2042,96,0,0,1,0,0,0,0,0,0,0,0,0,0,0,0
77655,2020-09-26 10:20:03,2299,96,0,0,1,0,0,0,0,0,0,0,0,0,0,0,0
77677,2020-09-26 10:25:03,2476,95,0,0,0,0,0,0,0,0,0,0,0,0,1,0,0
79215,2020-09-27 06:54:16,18,99,0,0,0,0,0,0,0,0,0,0,0,0,0,1,0
79225,2020-09-27 07:00:04,120,99,0,0,1,0,0,0,0,0,0,0,0,0,0,0,0
79246,2020-09-27 07:10:05,937,99,0,0,1,0,0,0,0,0,0,0,0,0,0,0,0
79260,2020-09-27 07:20:06,1602,99,0,0,1,0,0,0,0,0,0,0,0,0,0,0,0
79273,2020-09-27 07:30:04,2158,99,0,0,1,0,0,0,0,0,0,0,0,0,0,0,0
79297,2020-09-27 07:40:04,2638,99,0,0,1,0,0,0,0,0,0,0,0,0,0,0,0
79304,2020-09-27 07:42:35,2699,99,0,0,0,0,0,0,0,0,0,0,0,0,1,0,0
81263,2020-09-28 07:42:30,3079,50,0,0,0,0,0,0,0,0,0,0,0,0,1,0,0
83806,2020-09-29 07:22:05,7,99,0,0,0,0,1,0,0,0,0,0,0,0,0,0,0
83810,2020-09-29 07:24:09,23,99,0,0,0,0,0,0,0,0,0,0,0,0,1,0,0
83814,2020-09-29 07:30:04,323,99,0,0,1,0,0,0,0,0,0,0,0,0,0,0,0
83829,2020-09-29 07:40:04,1187,99,0,0,1,0,0,0,0,0,0,0,0,0,0,0,0
83864,2020-09-29 07:50:04,1864,98,0,0,1,0,0,0,0,0,0,0,0,0,0,0,0
83886,2020-09-29 08:00:03,2623,97,0,0,1,0,0,0,0,0,0,0,0,0,0,0,0
83913,2020-09-29 08:09:24,3293,98,0,0,0,0,0,0,0,0,0,0,0,0,1,0,0
83923,2020-09-29 08:11:21,3301,97,0,0,0,0,1,0,0,0,0,0,0,0,0,0,0
86344,2020-09-30 06:24:02,30,50,0,0,0,0,0,0,0,0,0,0,0,0,1,0,0
86345,2020-09-30 06:30:03,535,51,0,0,1,0,0,0,0,0,0,0,0,0,0,0,0
86358,2020-09-30 06:40:05,1313,51,0,0,1,0,0,0,0,0,0,0,0,0,0,0,0
86379,2020-09-30 06:50:47,2230,50,0,0,1,0,0,0,0,0,0,0,0,0,0,0,0
86392,2020-09-30 07:00:05,3078,49,0,0,1,0,0,0,0,0,0,0,0,0,0,0,0
86401,2020-09-30 07:06:52,3623,50,0,0,0,0,0,0,0,0,0,0,0,0,1,0,0
88636,2020-09-30 19:00:40,6417,97,0,0,0,0,0,0,0,0,0,0,0,0,1,0,0
89822,2020-10-01 10:03:01,40,65,0,0,0,0,0,0,0,0,0,0,0,0,1,0,0
89838,2020-10-01 10:10:03,480,64,0,0,1,0,0,0,0,0,0,0,0,0,0,0,0
89866,2020-10-01 10:20:04,1155,64,0,0,1,0,0,0,0,0,0,0,0,0,0,0,0
89896,2020-10-01 10:30:05,1781,63,0,0,1,0,0,0,0,0,0,0,0,0,0,0,0
89919,2020-10-01 10:40:04,2434,63,0,0,1,0,0,0,0,0,0,0,0,0,0,0,0
89936,2020-10-01 10:46:11,2758,61,0,0,0,0,0,0,0,0,0,0,0,0,1,0,0
92091,2020-10-02 10:10:05,247,99,0,0,1,0,0,0,0,0,0,0,0,0,0,0,0
92099,2020-10-02 10:20:03,870,99,0,0,1,0,0,0,0,0,0,0,0,0,0,0,0
92121,2020-10-02 10:30:05,1638,99,0,0,1,0,0,0,0,0,0,0,0,0,0,0,0
92137,2020-10-02 10:40:04,2257,99,0,0,1,0,0,0,0,0,0,0,0,0,0,0,0
92152,2020-10-02 10:50:03,2871,99,0,0,1,0,0,0,0,0,0,0,0,0,0,0,0
92180,2020-10-02 11:00:04,3503,99,0,0,1,0,0,0,0,0,0,0,0,0,0,0,0
92212,2020-10-02 11:13:10,4375,99,0,0,0,0,0,0,0,0,0,0,0,0,1,0,0
92215,2020-10-02 11:14:48,4389,99,0,0,0,0,1,0,0,0,0,0,0,0,0,0,0
94340,2020-10-03 10:00:22,98,99,0,0,1,0,0,0,0,0,0,0,0,0,0,0,0
94376,2020-10-03 10:10:10,901,99,0,0,1,0,0,0,0,0,0,0,0,0,0,0,0
94386,2020-10-03 10:20:04,1648,99,0,0,1,0,0,0,0,0,0,0,0,0,0,0,0
94412,2020-10-03 10:30:06,2279,99,0,0,1,0,0,0,0,0,0,0,0,0,0,0,0
94427,2020-10-03 10:40:04,2723,99,0,0,1,0,0,0,0,0,0,0,0,0,0,0,0
94446,2020-10-03 10:50:03,3323,99,0,0,1,0,0,0,0,0,0,0,0,0,0,0,0
94476,2020-10-03 11:00:05,3915,99,0,0,1,0,0,0,0,0,0,0,0,0,0,0,0
94495,2020-10-03 11:10:03,4672,97,0,0,1,0,0,0,0,0,0,0,0,0,0,0,0
94502,2020-10-03 11:12:47,4875,98,0,0,0,0,0,0,0,0,0,0,0,0,1,0,0
94505,2020-10-03 11:14:05,4882,98,0,0,0,0,1,0,0,0,0,0,0,0,0,0,0
96655,2020-10-04 11:10:03,284,99,0,0,1,0,0,0,0,0,0,0,0,0,0,0,0
96676,2020-10-04 11:20:04,1173,99,0,0,1,0,0,0,0,0,0,0,0,0,0,0,0
96710,2020-10-04 11:30:04,1861,98,0,0,1,0,0,0,0,0,0,0,0,0,0,0,0
96734,2020-10-04 11:40:06,2610,96,0,0,1,0,0,0,0,0,0,0,0,0,0,0,0
96758,2020-10-04 11:50:03,3261,97,0,0,1,0,0,0,0,0,0,0,0,0,0,0,0
96765,2020-10-04 11:50:31,3269,97,0,0,0,0,1,0,0,0,0,0,0,0,0,0,0
99126,2020-10-05 13:30:02,8,44,0,0,1,0,0,0,0,0,0,0,0,0,0,0,0
99167,2020-10-05 13:40:22,700,45,0,0,1,0,0,0,0,0,0,0,0,0,0,0,0
99181,2020-10-05 13:50:03,1648,44,0,0,1,0,0,0,0,0,0,0,0,0,0,0,0
99211,2020-10-05 14:00:03,2331,43,0,0,1,0,0,0,0,0,0,0,0,0,0,0,0
99289,2020-10-05 14:16:19,3301,42,0,0,0,0,0,0,0,0,0,0,0,0,1,0,0
99296,2020-10-05 14:18:15,3315,42,0,0,0,0,0,1,0,0,0,0,0,0,0,0,0
101286,2020-10-06 12:00:01,16,25,0,0,1,0,0,0,0,0,0,0,0,0,0,0,0
101336,2020-10-06 12:10:01,483,24,0,0,1,0,0,0,0,0,0,0,0,0,0,0,0
101445,2020-10-06 12:40:05,2541,23,0,0,1,0,0,0,0,0,0,0,0,0,0,0,0
101474,2020-10-06 12:50:03,2549,22,0,0,1,0,0,0,0,0,0,0,0,0,0,0,0
101522,2020-10-06 13:00:06,3077,22,0,0,1,0,0,0,0,0,0,0,0,0,0,0,0
101529,2020-10-06 13:01:25,3096,22,0,0,0,0,0,0,0,0,0,0,0,0,1,0,0
103303,2020-10-07 09:40:06,242,98,0,0,1,0,0,0,0,0,0,0,0,0,0,0,0
103312,2020-10-07 09:42:51,395,98,0,0,0,0,0,0,0,0,0,0,0,0,1,0,0
103313,2020-10-07 09:43:01,406,98,0,0,0,0,0,0,0,0,0,0,0,0,1,0,0
103320,2020-10-07 09:48:46,439,98,0,0,0,0,0,0,0,0,0,0,0,0,1,0,0
103321,2020-10-07 09:48:55,452,98,0,0,0,0,0,0,0,0,0,0,0,0,1,0,0
103323,2020-10-07 09:49:14,479,97,0,0,0,0,0,0,0,0,0,0,0,0,1,0,0
103324,2020-10-07 09:49:26,492,97,0,0,0,0,0,0,0,0,0,0,0,0,1,0,0
103358,2020-10-07 10:00:02,678,98,0,0,1,0,0,0,0,0,0,0,0,0,0,0,0
103378,2020-10-07 10:10:03,693,97,0,0,1,0,0,0,0,0,0,0,0,0,0,0,0
103393,2020-10-07 10:11:50,702,96,0,0,0,0,1,0,0,0,0,0,0,0,0,0,0
105937,2020-10-08 11:22:30,11,45,0,0,0,0,0,0,0,0,0,0,0,0,0,1,0
105947,2020-10-08 11:27:14,26,45,0,0,0,0,0,0,0,0,0,0,0,0,1,0,0
105949,2020-10-08 11:27:25,37,45,0,0,0,0,0,0,0,0,0,0,0,0,1,0,0
105953,2020-10-08 11:30:02,219,45,0,0,1,0,0,0,0,0,0,0,0,0,0,0,0
105994,2020-10-08 11:40:04,732,44,0,0,1,0,0,0,0,0,0,0,0,0,0,0,0
106073,2020-10-08 12:00:06,1053,44,0,0,1,0,0,0,0,0,0,0,0,0,0,0,0
106099,2020-10-08 12:10:04,1254,43,0,0,1,0,0,0,0,0,0,0,0,0,0,0,0
106211,2020-10-08 12:50:06,1261,42,0,0,1,0,0,0,0,0,0,0,0,0,0,0,0
106241,2020-10-08 13:00:04,1268,42,0,0,1,0,0,0,0,0,0,0,0,0,0,0,0
106276,2020-10-08 13:15:18,1280,53,1,0,0,1,0,0,0,0,0,0,0,0,0,0,0
108230,2020-10-09 11:40:06,560,99,0,0,1,0,0,0,0,0,0,0,0,0,0,0,0
108268,2020-10-09 11:50:08,1290,99,0,0,1,0,0,0,0,0,0,0,0,0,0,0,0
108292,2020-10-09 12:00:08,1973,99,0,0,1,0,0,0,0,0,0,0,0,0,0,0,0
108334,2020-10-09 12:10:07,2615,99,0,0,1,0,0,0,0,0,0,0,0,0,0,0,0
108351,2020-10-09 12:16:46,2948,99,0,0,0,0,1,0,0,0,0,0,0,0,0,0,0
110920,2020-10-10 14:40:05,199,46,0,0,1,0,0,0,0,0,0,0,0,0,0,0,0
110967,2020-10-10 14:50:05,849,46,0,0,1,0,0,0,0,0,0,0,0,0,0,0,0
111013,2020-10-10 15:00:05,1960,45,0,0,1,0,0,0,0,0,0,0,0,0,0,0,0
111044,2020-10-10 15:10:05,2589,45,0,0,1,0,0,0,0,0,0,0,0,0,0,0,0
111082,2020-10-10 15:20:09,3297,44,0,0,1,0,0,0,0,0,0,0,0,0,0,0,0
111088,2020-10-10 15:21:26,3353,44,0,0,0,0,0,0,0,0,0,0,0,0,1,0,0
111091,2020-10-10 15:22:12,3360,44,0,0,0,0,1,0,0,0,0,0,0,0,0,0,0
112600,2020-10-11 11:34:14,16,97,0,0,0,0,1,0,0,0,0,0,0,0,0,0,0
112634,2020-10-11 11:50:07,546,97,0,0,1,0,0,0,0,0,0,0,0,0,0,0,0
112651,2020-10-11 12:00:06,1395,97,0,0,1,0,0,0,0,0,0,0,0,0,0,0,0
112664,2020-10-11 12:10:05,2156,96,0,0,1,0,0,0,0,0,0,0,0,0,0,0,0
112683,2020-10-11 12:20:06,2838,96,0,0,1,0,0,0,0,0,0,0,0,0,0,0,0
112696,2020-10-11 12:25:06,3225,95,0,0,0,0,0,0,0,0,0,0,0,0,1,0,0
114098,2020-10-12 08:34:36,14,97,0,0,0,0,1,0,0,0,0,0,0,0,0,0,0
114112,2020-10-12 08:40:06,21,98,0,0,1,0,0,0,0,0,0,0,0,0,0,0,0
115839,2020-10-12 17:20:04,142,78,0,0,1,0,0,0,0,0,0,0,0,0,0,0,0
115891,2020-10-12 17:40:06,1619,77,0,0,1,0,0,0,0,0,0,0,0,0,0,0,0
115950,2020-10-12 18:00:50,3031,76,0,0,1,0,0,0,0,0,0,0,0,0,0,0,0
115956,2020-10-12 18:05:20,3280,75,0,0,0,0,0,1,0,0,0,0,0,0,0,0,0
117741,2020-10-13 14:39:33,32,99,0,0,0,1,0,0,0,0,0,0,0,0,0,0,0
117778,2020-10-13 14:50:05,676,98,0,0,1,0,0,0,0,0,0,0,0,0,0,0,0
117814,2020-10-13 15:00:07,1720,96,0,0,1,0,0,0,0,0,0,0,0,0,0,0,0
117845,2020-10-13 15:10:05,2529,98,0,0,1,0,0,0,0,0,0,0,0,0,0,0,0
117878,2020-10-13 15:20:05,3283,97,0,0,1,0,0,0,0,0,0,0,0,0,0,0,0
117917,2020-10-13 15:30:10,3784,96,0,0,1,0,0,0,0,0,0,0,0,0,0,0,0
117930,2020-10-13 15:32:28,3806,96,0,0,0,0,1,0,0,0,0,0,0,0,0,0,0
118066,2020-10-13 16:10:04,3813,99,1,0,1,0,0,0,0,0,0,0,0,0,0,0,0
119568,2020-10-14 10:52:47,14,99,0,0,0,0,1,0,0,0,0,0,0,0,0,0,0
119615,2020-10-14 11:10:04,1459,99,0,0,1,0,0,0,0,0,0,0,0,0,0,0,0
119639,2020-10-14 11:20:07,2072,98,0,0,1,0,0,0,0,0,0,0,0,0,0,0,0
119665,2020-10-14 11:30:06,2572,97,0,0,1,0,0,0,0,0,0,0,0,0,0,0,0
119700,2020-10-14 11:40:03,3096,97,0,0,1,0,0,0,0,0,0,0,0,0,0,0,0
119711,2020-10-14 11:40:18,3107,97,0,0,0,0,0,0,0,0,0,0,0,0,1,0,0
121221,2020-10-15 06:02:21,8,93,0,0,1,0,0,0,0,0,0,0,0,0,0,0,0
122583,2020-10-15 14:30:11,39,99,0,0,1,0,0,0,0,0,0,0,0,0,0,0,0
122586,2020-10-15 14:30:37,51,99,0,0,0,0,1,0,0,0,0,0,0,0,0,0,0
122587,2020-10-15 14:32:52,75,99,0,0,0,0,0,0,0,0,0,0,0,0,1,0,0
122602,2020-10-15 14:40:05,460,98,0,0,1,0,0,0,0,0,0,0,0,0,0,0,0
122653,2020-10-15 15:01:05,2078,96,0,0,1,0,0,0,0,0,0,0,0,0,0,0,0
122672,2020-10-15 15:19:20,3146,97,0,0,0,0,0,0,0,0,0,0,0,0,1,0,0
124544,2020-10-16 12:42:18,868,52,0,0,1,0,0,0,0,0,0,0,0,0,0,0,0
124576,2020-10-16 12:52:16,1608,51,0,0,1,0,0,0,0,0,0,0,0,0,0,0,0
124607,2020-10-16 13:02:26,2344,51,0,0,1,0,0,0,0,0,0,0,0,0,0,0,0
124667,2020-10-16 13:19:10,3508,50,0,0,0,0,0,0,0,0,0,0,0,0,1,0,0
126987,2020-10-17 13:30:04,651,96,0,0,1,0,0,0,0,0,0,0,0,0,0,0,0
127020,2020-10-17 13:40:06,1543,96,0,0,1,0,0,0,0,0,0,0,0,0,0,0,0
127046,2020-10-17 13:50:05,2171,95,0,0,1,0,0,0,0,0,0,0,0,0,0,0,0
127067,2020-10-17 14:00:04,2795,96,0,0,1,0,0,0,0,0,0,0,0,0,0,0,0
127081,2020-10-17 14:07:32,3174,95,0,0,0,0,0,0,0,0,0,0,0,0,1,0,0
129086,2020-10-18 13:20:05,275,47,0,0,1,0,0,0,0,0,0,0,0,0,0,0,0
129120,2020-10-18 13:30:07,1078,47,0,0,1,0,0,0,0,0,0,0,0,0,0,0,0
129145,2020-10-18 13:40:06,1956,46,0,0,1,0,0,0,0,0,0,0,0,0,0,0,0
129172,2020-10-18 13:50:05,2602,46,0,0,1,0,0,0,0,0,0,0,0,0,0,0,0
129200,2020-10-18 14:00:04,3326,45,0,0,1,0,0,0,0,0,0,0,0,0,0,0,0
138439,2020-10-22 11:53:12,6680,90,0,0,0,0,0,0,0,0,0,0,0,0,1,0,0
138442,2020-10-22 11:53:59,6687,90,0,0,0,0,1,0,0,0,0,0,0,0,0,0,0
143049,2020-10-24 13:44:32,41,20,0,0,0,0,0,0,0,0,0,0,0,0,1,0,0
143114,2020-10-24 14:14:46,2553,17,0,0,1,0,0,0,0,0,0,0,0,0,0,0,0
143128,2020-10-24 14:20:48,3022,18,0,0,1,0,0,0,0,0,0,0,0,0,0,0,0
143138,2020-10-24 14:28:44,3603,17,0,0,0,0,1,0,0,0,0,0,0,0,0,0,0
144557,2020-10-25 13:10:05,27,99,0,0,1,0,0,0,0,0,0,0,0,0,0,0,0
144561,2020-10-25 13:10:17,45,99,0,0,0,0,0,0,0,0,0,0,0,0,1,0,0
144576,2020-10-25 13:20:30,665,99,0,0,1,0,0,0,0,0,0,0,0,0,0,0,0
144594,2020-10-25 13:30:04,1285,99,0,0,1,0,0,0,0,0,0,0,0,0,0,0,0
144629,2020-10-25 13:40:28,2191,99,0,0,1,0,0,0,0,0,0,0,0,0,0,0,0
144647,2020-10-25 13:50:05,3227,99,0,0,1,0,0,0,0,0,0,0,0,0,0,0,0
144758,2020-10-25 14:13:06,4978,98,0,0,0,0,0,0,0,0,0,0,0,0,1,0,0
146034,2020-10-26 10:45:23,7,69,1,0,0,1,0,0,0,0,0,0,0,0,0,0,0
146393,2020-10-26 12:37:37,41,99,0,0,0,0,1,0,0,0,0,0,0,0,0,0,0
146394,2020-10-26 12:38:50,89,99,0,0,0,0,0,0,0,0,0,0,0,0,1,0,0
146397,2020-10-26 12:40:04,178,99,0,0,1,0,0,0,0,0,0,0,0,0,0,0,0
146451,2020-10-26 12:50:03,899,99,0,0,1,0,0,0,0,0,0,0,0,0,0,0,0
146531,2020-10-26 13:13:25,2475,98,0,0,1,0,0,0,0,0,0,0,0,0,0,0,0
146578,2020-10-26 13:25:08,3179,97,0,0,0,0,0,0,0,0,0,0,0,0,1,0,0
148757,2020-10-27 13:14:55,2057,98,0,0,1,0,0,0,0,0,0,0,0,0,0,0,0
148768,2020-10-27 13:20:05,2420,99,0,0,1,0,0,0,0,0,0,0,0,0,0,0,0
148801,2020-10-27 13:30:58,3335,97,0,0,0,0,0,0,0,0,0,0,0,0,1,0,0
164148,2020-11-04 12:43:20,29,61,0,0,0,0,0,0,0,0,0,0,0,0,1,0,0
164157,2020-11-04 12:50:05,599,60,0,0,1,0,0,0,0,0,0,0,0,0,0,0,0
164197,2020-11-04 13:00:04,1415,60,0,0,1,0,0,0,0,0,0,0,0,0,0,0,0
164243,2020-11-04 13:13:30,2320,60,0,0,1,0,0,0,0,0,0,0,0,0,0,0,0
164290,2020-11-04 13:25:52,3061,58,0,0,0,0,0,0,0,0,0,0,0,0,1,0,0
170771,2020-11-07 15:41:36,3360,94,0,0,0,0,0,0,0,0,0,0,0,0,1,0,0
170777,2020-11-07 15:42:16,3368,95,0,0,0,0,1,0,0,0,0,0,0,0,0,0,0
172310,2020-11-08 11:49:59,32,97,0,0,0,0,0,0,0,0,0,0,0,0,1,0,0
172324,2020-11-08 12:00:05,736,97,0,0,1,0,0,0,0,0,0,0,0,0,0,0,0
172380,2020-11-08 12:20:05,2442,95,0,0,1,0,0,0,0,0,0,0,0,0,0,0,0
172413,2020-11-08 12:37:03,3567,95,0,0,0,0,0,0,0,0,0,0,0,0,1,0,0
172415,2020-11-08 12:40:00,3579,94,0,0,0,0,1,0,0,0,0,0,0,0,0,0,0
176838,2020-11-10 15:34:16,18,99,0,0,0,0,0,0,0,0,0,0,0,0,1,0,0
176840,2020-11-10 15:34:26,32,99,0,0,0,0,0,0,0,0,0,0,0,0,1,0,0
176888,2020-11-10 15:50:06,1703,99,0,0,1,0,0,0,0,0,0,0,0,0,0,0,0
176947,2020-11-10 16:11:16,3687,99,0,0,1,0,0,0,0,0,0,0,0,0,0,0,0
176952,2020-11-10 16:16:49,4176,99,0,0,0,0,0,0,0,0,0,0,0,0,1,0,0
176954,2020-11-10 16:19:08,4192,99,0,0,0,0,1,0,0,0,0,0,0,0,0,0,0
180390,2020-11-12 13:04:14,15,99,0,0,1,0,0,0,0,0,0,0,0,0,0,0,0
180397,2020-11-12 13:06:30,24,99,0,0,0,0,0,0,0,0,0,0,0,0,1,0,0
180436,2020-11-12 13:20:05,1276,99,0,0,1,0,0,0,0,0,0,0,0,0,0,0,0
180510,2020-11-12 13:48:41,3636,99,0,0,0,0,0,0,0,0,0,0,0,0,1,0,0
187408,2020-11-16 15:21:41,21,99,0,0,0,0,0,0,0,0,0,0,0,0,1,0,0
187409,2020-11-16 15:21:50,28,99,0,0,0,0,0,0,0,0,0,0,0,0,1,0,0
187448,2020-11-16 15:34:27,778,99,0,0,1,0,0,0,0,0,0,0,0,0,0,0,0
187479,2020-11-16 15:44:33,1520,99,0,0,1,0,0,0,0,0,0,0,0,0,0,0,0
187573,2020-11-16 16:11:10,3789,99,0,0,0,0,0,0,0,0,0,0,0,0,1,0,0
197444,2020-11-22 11:50:02,415,99,0,0,1,0,0,0,0,0,0,0,0,0,0,0,0
197491,2020-11-22 12:10:27,1495,97,0,0,1,0,0,0,0,0,0,0,0,0,0,0,0
197527,2020-11-22 12:34:47,3856,97,0,0,1,0,0,0,0,0,0,0,0,0,0,0,0
197574,2020-11-22 12:59:09,4643,96,0,0,0,0,0,0,0,0,0,0,0,0,1,0,0
197585,2020-11-22 13:01:18,4653,95,0,0,0,0,1,0,0,0,0,0,0,0,0,0,0
199718,2020-11-23 15:44:47,1366,40,0,0,1,0,0,0,0,0,0,0,0,0,0,0,0
199737,2020-11-23 15:50:48,1766,40,0,0,1,0,0,0,0,0,0,0,0,0,0,0,0
199762,2020-11-23 16:02:59,2845,39,0,0,1,0,0,0,0,0,0,0,0,0,0,0,0
199776,2020-11-23 16:13:24,3658,38,0,0,1,0,0,0,0,0,0,0,0,0,0,0,0
199778,2020-11-23 16:16:25,3823,38,0,0,0,0,0,0,0,0,0,0,0,0,1,0,0
199782,2020-11-23 16:17:46,3830,38,0,0,0,0,1,0,0,0,0,0,0,0,0,0,0
204262,2020-11-26 13:28:39,21,99,0,0,0,0,1,0,0,0,0,0,0,0,0,0,0
204316,2020-11-26 13:44:04,1113,99,0,0,1,0,0,0,0,0,0,0,0,0,0,0,0
204332,2020-11-26 13:51:16,1252,99,0,0,1,0,0,0,0,0,0,0,0,0,0,0,0
204359,2020-11-26 14:04:47,2481,99,0,0,1,0,0,0,0,0,0,0,0,0,0,0,0
204418,2020-11-26 14:32:21,5221,99,0,0,1,0,0,0,0,0,0,0,0,0,0,0,0
204426,2020-11-26 14:40:02,5821,99,0,0,1,0,0,0,0,0,0,0,0,0,0,0,0
204464,2020-11-26 14:53:55,6571,98,0,0,0,0,0,1,0,0,0,0,0,0,0,0,0
211097,2020-11-30 16:03:15,1273,94,0,0,1,0,0,0,0,0,0,0,0,0,0,0,0
211163,2020-11-30 16:33:34,3505,93,0,0,1,0,0,0,0,0,0,0,0,0,0,0,0
211199,2020-11-30 16:47:43,4458,92,0,0,0,0,0,0,0,0,0,0,0,0,1,0,0
214289,2020-12-02 14:24:17,23,96,0,0,0,0,0,0,0,0,0,0,0,0,1,0,0
214295,2020-12-02 14:30:04,295,96,0,0,1,0,0,0,0,0,0,0,0,0,0,0,0
214315,2020-12-02 14:40:04,632,96,0,0,1,0,0,0,0,0,0,0,0,0,0,0,0
214350,2020-12-02 14:50:06,986,95,0,0,1,0,0,0,0,0,0,0,0,0,0,0,0
214379,2020-12-02 15:00:04,1814,95,0,0,1,0,0,0,0,0,0,0,0,0,0,0,0
214411,2020-12-02 15:13:25,2957,95,0,0,1,0,0,0,0,0,0,0,0,0,0,0,0
214439,2020-12-02 15:24:19,3861,93,0,0,1,0,0,0,0,0,0,0,0,0,0,0,0
214476,2020-12-02 15:40:03,5084,93,0,0,1,0,0,0,0,0,0,0,0,0,0,0,0
214495,2020-12-02 15:44:45,5265,92,0,0,0,0,0,0,0,0,0,0,0,0,1,0,0
214500,2020-12-02 15:47:15,5281,92,0,0,0,0,1,0,0,0,0,0,0,0,0,0,0
217522,2020-12-04 12:33:26,342,96,0,0,1,0,0,0,0,0,0,0,0,0,0,0,0
217548,2020-12-04 12:41:59,405,96,0,0,1,0,0,0,0,0,0,0,0,0,0,0,0
217588,2020-12-04 12:51:04,460,94,0,0,1,0,0,0,0,0,0,0,0,0,0,0,0
217622,2020-12-04 13:01:52,659,95,0,0,0,0,0,0,0,0,0,0,0,0,1,0,0
217623,2020-12-04 13:02:12,669,94,0,0,0,0,0,0,0,0,0,0,0,0,1,0,0
217626,2020-12-04 13:04:28,684,95,0,0,1,0,0,0,0,0,0,0,0,0,0,0,0
220181,2020-12-06 12:44:52,1631,22,0,0,1,0,0,0,0,0,0,0,0,0,0,0,0
220208,2020-12-06 12:50:55,2059,23,0,0,1,0,0,0,0,0,0,0,0,0,0,0,0
220222,2020-12-06 13:00:03,2746,22,0,0,1,0,0,0,0,0,0,0,0,0,0,0,0
220281,2020-12-06 13:25:33,4663,22,0,0,0,0,0,0,0,0,0,0,0,0,1,0,0
220284,2020-12-06 13:27:20,4671,21,0,0,0,0,0,0,0,0,0,0,0,0,1,0,0
220301,2020-12-06 13:32:16,4731,22,0,0,1,0,0,0,0,0,0,0,0,0,0,0,0
220318,2020-12-06 13:40:46,5000,20,0,0,0,0,0,0,0,0,0,0,0,0,1,0,0
220320,2020-12-06 13:41:43,5007,22,0,0,1,0,0,0,0,0,0,0,0,0,0,0,0
220322,2020-12-06 13:42:20,5016,21,0,0,0,0,1,0,0,0,0,0,0,0,0,0,0
221991,2020-12-07 13:48:15,4546,99,0,0,0,0,0,0,0,0,0,0,0,0,1,0,0
221995,2020-12-07 13:48:42,4553,99,0,0,0,0,1,0,0,0,0,0,0,0,0,0,0
230800,2020-12-14 10:55:14,7,99,0,1,0,0,0,0,0,0,0,0,0,0,1,0,0
233472,2020-12-16 08:42:21,45,28,0,0,0,0,0,0,0,0,0,0,0,0,1,0,0
233533,2020-12-16 09:50:04,86,25,0,0,1,0,0,0,0,0,0,0,0,0,0,0,0
263934,2021-01-13 10:22:44,25,99,0,0,0,0,1,0,0,0,0,0,0,0,0,0,0
263938,2021-01-13 10:23:51,32,99,0,1,0,0,0,0,0,0,0,0,0,0,1,0,0
263939,2021-01-13 10:23:54,34,99,0,1,0,0,0,0,0,0,0,0,0,0,1,0,0
